{"models":[{"id":1,"name":"Invoice Approval Process","version":1,"modelType":0,"description":"This is a simple invoice approval process that allows a person to assign a dedicated approver for the the invoice. It will then be routed to the Accounting department for payment preparation. Once payment is prepared the invoice will be stored in a specific folder and an email notification will be sent.","stencilSetId":0,"createdByFullName":" Administrator","createdBy":1,"lastUpdatedByFullName":" Administrator","lastUpdatedBy":1,"lastUpdated":"2016-10-17T09:45:21.048+0000"}],"theme":"theme-4","icon":"glyphicon-gbp","publishIdentityInfo":[]}